43;s
39;n
36;cantän
34;social
26;cada
23;Carlos
22;desarrollo
21;San
16;distrito
15;local
15;Desarrollo
14;ser
14;Plan
14;Partido
13;todos
13;tico
13;nuestro
13;municipal
13;mismos
13;as
12;salud
12;pol
12;m
12;implementaciän
12;comunidades
12;c
12;bien
12;Social
11;tica
11;programas
11;instituciones
11;infraestructura
10;stica
10;recursos
10;prevenciän
10;personas
10;ley
10;familias
10;cultural
10;acciones
10;Republicano
10;Gobierno
9;violencia
9;trav
9;otros
9;nacional
9;medio
9;gobierno
9;forma
9;eje
9;distritos
9;bienestar
9;Promover
9;Humano
8;valores
8;trabajar
8;t
8;sistema
8;servicio
8;promociän
8;productos
8;objetivos
8;mismo
8;log
8;jävenes
8;gestiän
8;empresas
8;Implementar
8;Cristiano
8;3
7;vida
7;trabajo
7;siguientes
7;riesgo
7;pública
7;paz
7;pa
7;objetivo
7;mantenimiento
7;inversiän
7;integral
7;fin
7;espacios
7;donde
7;desechos
7;culturales
7;base
7;aspecto
7;apoyo
7;adultos
7;Salud
7;Fortalecer
7;El
7;Dentro
6;tambi
6;sociedad
6;servicios
6;r
6;proyectos
6;protecciän
6;promover
6;producciän
6;persona
6;partido
6;mediante
6;lugares
6;internacional
6;generar
6;estrat
6;econämica
6;dinero
6;diferentes
6;d
6;cultura
6;capacidades
6;calidad
6;aspectos
6;Se
6;Pol
6;Implementaciän
6;Crear
6;CAPITULO
6;A
6;7600
6;2
6;13
5;usuarios
5;seguridad
5;sector
5;recuperaciän
5;reas
5;públicos
5;proyecto
5;programa
5;procesos
5;principios
5;plan
5;permita
5;os
5;organizaciän
5;niåos
5;mejoramiento
5;mayores
5;locales
5;junto
5;informaciän
5;implementar
5;humano
5;humana
5;ferias
5;familia
5;est
5;especial
5;empleo
5;educativos
5;edad
5;desarrollar
5;derechos
5;democr
5;dar
5;convenios
5;construcciän
5;conservaciän
5;comunales
5;centros
5;caminos
5;ambiental
5;alianzas
5;alcanzar
5;agr
5;Y
5;Seguridad
5;Educaciän
5;Econämico
5;As
5;Ambiente
5;6
5;5
5;1
4;zonas
4;vulnerables
4;vicas
4;verdad
4;valor
4;ticos
4;tengan
4;tecnolog
4;solidaridad
4;sociales
4;sobre
4;seguimiento
4;sea
4;rurales
4;riachuelos
4;respeto
4;red
4;recolecciän
4;rea
4;público
4;públicas
4;pueblo
4;privadas
4;poder
4;poblaciän
4;poblaciones
4;personal
4;organizaciones
4;nuestras
4;municipalidad
4;municipales
4;muestra
4;mejora
4;manera
4;lograr
4;libertad
4;lastre
4;l
4;internacionales
4;integraciän
4;incluyen
4;hay
4;girar
4;este
4;estabilidad
4;entonces
4;ellos
4;educaciän
4;econom
4;dueåos
4;dom
4;dicho
4;defensa
4;costarricenses
4;costarricense
4;continuaciän
4;continua
4;condiciones
4;común
4;comunidad
4;comunal
4;ciudadana
4;capacitaciän
4;capacitaciones
4;cantonal
4;campaåas
4;ayudar
4;asociaciones
4;asentamientos
4;all
4;agregado
4;Tambi
4;Rica
4;Municipalidad
4;Gestiän
4;Este
4;En
4;Desarrollar
4;DE
4;Cultura
4;Costa
4;Con
4;Ciudadana
4;Articular
4;4
3;¿Cu
3;zona
3;vulnerabilidad
3;vocaciän
3;vez
3;venta
3;v
3;turismo
3;tur
3;tradiciones
3;tr
3;todo
3;todas
3;toda
3;tecnolägica
3;tales
3;sticos
3;sistemas
3;sancarleåo
3;salones
3;rutas
3;resultado
3;registro
3;reforestaciän
3;rbol
3;puedan
3;progreso
3;productivo
3;probidad
3;primaria
3;porque
3;plataforma
3;planes
3;pero
3;partir
3;parte
3;parques
3;pagos
3;otras
3;orientaciän
3;nuestros
3;niåez
3;nivel
3;nes
3;naturales
3;nacionales
3;mujeres
3;modelo
3;mercado
3;menores
3;mejores
3;justicia
3;investigaciän
3;instrumentos
3;instalaciän
3;ingreso
3;impulsar
3;igualdad
3;idiomas
3;hasta
3;han
3;haciendo
3;hacer
3;habitantes
3;grupos
3;gicas
3;general
3;gas
3;etc
3;esto
3;estimular
3;estimulaciän
3;esta
3;especies
3;esparcimiento
3;esfuerzos
3;esenciales
3;esencial
3;escuelas
3;escalar
3;equipos
3;entretenimiento
3;entre
3;empresarial
3;embellecimiento
3;dände
3;drogas
3;distrital
3;dineros
3;dignidad
3;desde
3;derecho
3;deportes
3;delito
3;decisiones
3;datos
3;dan
3;ctimas
3;creaciän
3;control
3;consumo
3;construir
3;comit
3;colas
3;colaboraciän
3;cnica
3;circular
3;capacidad
3;bajo
3;bajar
3;b
3;aåos
3;ayuden
3;ayuda
3;atenciän
3;ambiente
3;alternativas
3;agro
3;administraciän
3;actividades
3;acceso
3;República
3;Regulaciän
3;Ordenamiento
3;Oficina
3;Municipal
3;Ministerio
3;Facilitar
3;Esto
3;Deporte
3;Departamento
3;Dando
3;Crucitas
3;Creaciän
3;Control
3;Cantän
3;Atenciän
3;9
3;25
3;2024
3;2020
3;100
2;“Gobierno
2;“Desarrollo
2;¿Qu
2;vivir
2;vivienda
2;vigente
2;vicos
2;vial
2;verdes
2;verde
2;urbano
2;ulica
2;total
2;tierra
2;tiene
2;ticas
2;terrenos
2;tendr
2;tem
2;televisiän
2;tanto
2;sälidos
2;sustento
2;superficies
2;subsidiaridad
2;stico
2;sostenible
2;son
2;solo
2;solares
2;sin
2;sica
2;sentir
2;según
2;seguir
2;secundarios
2;secundaria
2;sectores
2;sancarleåos
2;rumbo
2;respuesta
2;respectivos
2;respectivas
2;residuos
2;republicano
2;reproductiva
2;renovaciän
2;recreaciän
2;reciclaje
2;razän
2;qui
2;queden
2;qu
2;puntos
2;puentes
2;puede
2;productivos
2;proceso
2;procedimientos
2;principal
2;primera
2;presupuestarias
2;pr
2;posiciones
2;posibilidad
2;poner
2;polic
2;pluralismo
2;planificaciän
2;picos
2;permanente
2;pequeåas
2;paulatina
2;participaciän
2;partes
2;parqueos
2;padres
2;ox
2;org
2;ordenamiento
2;orden
2;operativos
2;opciän
2;oficio
2;niveles
2;nicos
2;ni
2;nfasis
2;necesidades
2;ndoles
2;ndole
2;ncer
2;naturaleza
2;natural
2;nacientes
2;muy
2;musicales
2;musical
2;mitigaciän
2;mismas
2;miembro
2;mejoren
2;mejorar
2;mejor
2;mecanismo
2;mbito
2;material
2;materia
2;lugar
2;limpia
2;les
2;legislaciän
2;legal
2;juegos
2;intrafamiliar
2;intervenciän
2;internet
2;interinstitucional
2;interacciän
2;inter
2;integridad
2;insuficiente
2;institucional
2;instalar
2;inseguridad
2;inscrito
2;innovadoras
2;iniciativas
2;incorporar
2;inclusiän
2;incluir
2;incidencia
2;impuestos
2;impacto
2;imagen
2;ideolägico
2;huella
2;hogares
2;hijos
2;hidrogr
2;hidr
2;hacia
2;habr
2;h
2;grupo
2;gicos
2;gestionar
2;genere
2;generada
2;generaciän
2;funciän
2;fue
2;fortalecimiento
2;fortalecer
2;formaciän
2;fondos
2;flora
2;financieros
2;financiar
2;filosof
2;ficas
2;fauna
2;f
2;experiencia
2;evaluaciän
2;estructurales
2;estrategia
2;estos
2;estaciones
2;especiales
2;espacio
2;escasos
2;escala
2;equipo
2;equipamiento
2;equidad
2;entran
2;enseåanza
2;energ
2;encuentra
2;encadenamiento
2;emprendimientos
2;empleos
2;electoral
2;elaborar
2;ejercicio
2;efectivo
2;efectividad
2;econämicas
2;duraderas
2;donaciän
2;disminuir
2;discriminaciän
2;dirigir
2;dirigidos
2;diez
2;desenvuelven
2;deportivos
2;dentro
2;democracia
2;defender
2;decreto
2;decibeles
2;decente
2;deben
2;daåos
2;darles
2;dando
2;dado
2;cuotas
2;cumplimiento
2;cuido
2;cuencas
2;cuando
2;cualquier
2;ctica
2;cter
2;crecimiento
2;cosas
2;corteza
2;coordinaciän
2;cooperaciän
2;controles
2;consolidar
2;conjunto
2;conformidad
2;concreto
2;competencias
2;competencia
2;compartimos
2;comisiän
2;comercios
2;comercial
2;colegios
2;cola
2;clasificaciän
2;ciudadanos
2;ciudadano
2;ciudadan
2;centro
2;central
2;caser
2;casco
2;car
2;capital
2;cantonales
2;campesinos
2;camino
2;cadena
2;cabecera
2;buscar
2;bosques
2;bitos
2;beneficio
2;belleza
2;basura
2;autoabastecimiento
2;auto
2;aumentar
2;atraer
2;arte
2;apoyando
2;aplicaciän
2;antes
2;animal
2;ampliaciän
2;alto
2;alrededor
2;agricultores
2;agricultor
2;adolescencia
2;administrativos
2;adem
2;acuerdo
2;actores
2;activa
2;acopio
2;aceras
2;Vulnerables
2;Visiän
2;Valores
2;Universidad
2;Un
2;Todo
2;Territorial
2;Sustituciän
2;Somos
2;Social”
2;Sistema
2;Servicios
2;Riesgo
2;Reforzar
2;Públicos
2;Promociän
2;Presentaciän
2;Poblaciones
2;PRSC
2;O
2;Nacional
2;Misiän
2;MINAE
2;La
2;Interno
2;Interinstitucional
2;Instalar
2;Infraestructura
2;INAMU
2;Humanismo
2;Gestionar
2;Generar
2;Fortalecimiento
2;Evaluar
2;Estado
2;Establecer
2;Equipamiento
2;Enlace
2;Ellos
2;Elaborar
2;Ejes
2;Dotar
2;Diseåar
2;Departamental
2;Corella
2;Coordinaciän
2;Contribuir
2;Continuar
2;Constituciän
2;Conservaciän
2;Consejo
2;Conclusiones
2;Comunal
2;Compra
2;Cerro
2;Celebrar
2;Capacitaciän
2;CCCI
2;Brindar
2;Aspectos
2;Agricultura
2;Actualizaciän
2;AMNISTÍA
2;8
2;27
2;26
2;24
2;22
2;21
2;19
2;17
2;12
2;10
1;äptimas
1;útil
1;único
1;últimos
1;Áreas
1;“vocaciän”
1;“semilleros
1;“respeto
1;“reflejo”
1;“puertas
1;“oro
1;“merma’
1;“m
1;“infraestructura
1;“desastre
1;“control
1;“cielo
1;“cero
1;“centros”
1;“atrapa
1;“arte
1;“aire
1;“adulto
1;“SENASA”
1;“Por
1;“Pesebre
1;“Inspectores
1;“EL
1;“DESASTRE”
1;“
1;¡Error
1;¿Qui
1;¿Que
1;zika
1;zancudos
1;xito
1;ximo
1;wachimanes
1;voluntad
1;vocos
1;vivieron
1;vivero
1;vivencia
1;visiän
1;visitantes
1;vinculados
1;vigilancia
1;victimarios
1;vicios
1;viales
1;vertederos
1;vertedero
1;versus
1;verificar
1;verde”
1;ver
1;vendidas
1;venderse
1;venciä
1;ven
1;vehicular
1;vecinales
1;valorizables
1;utilizandos
1;utilidad
1;usuarias
1;usted
1;uso
1;usando
1;urbanos
1;urbanizaciän
1;urbana
1;uno
1;universidades
1;unidad
1;turistas
1;turista
1;tulos
1;triunfador
1;trimestrales
1;tributaria
1;trece
1;tratamiento
1;trata
1;traspasado
1;trasparencia
1;transporte
1;transito
1;transferencias
1;tramitolog
1;trajes
1;trabajado
1;toneladas
1;tomar
1;toma
1;tolerancia
1;toldos
1;tirar
1;tierra”
1;tienen
1;tiempo
1;tesis
1;territorio
1;territorial
1;terremotos
1;terminado
1;terceras
1;tercer
1;tenga
1;tener
1;tenencia
1;tenemos
1;tendidos
1;tendencias
1;teletrabajo
1;tecnolägico
1;techo
1;tazas
1;tarea
1;sänica
1;sustentamos
1;supervisado
1;super
1;suelos
1;sucediä
1;subsidiarias
1;stos
1;stica”
1;soporte
1;somos
1;solventar
1;solidario
1;sint
1;siniestro
1;sinerg
1;siendo
1;sido
1;seåor
1;seåalizaciän
1;seåalamiento
1;sexual
1;sexo
1;ses
1;serv
1;sensibilizar
1;sensibilizaciän
1;sensibilidad
1;senos
1;sencilla
1;sembrar
1;seguro
1;segundo
1;sean
1;sano
1;sanitario
1;sancarleåa
1;sana
1;salvaguardar
1;saludables
1;salen
1;salas
1;sacarlos
1;ruidos
1;rol
1;rodearan
1;rmino
1;ritu
1;riesgos
1;rezagadas
1;revisiän
1;reutilizaciän
1;reutilizable
1;retos
1;resultante
1;restarles
1;responsabilidad
1;respetar
1;respecto
1;respectiva
1;residan
1;resguardo
1;resguardar
1;resalten
1;resaltar
1;requieren
1;requerida
1;representen
1;representante
1;rendiciän
1;relaciones
1;rehabilitados
1;rehabilitaciän
1;reguladores
1;registrada
1;regeneraciän
1;refugiados
1;reforzar
1;reforzando
1;reflejan
1;reflejado
1;referentes
1;reduzcan
1;reducciän
1;recupere
1;recuperarse
1;rectores
1;recreativa
1;reconvertir
1;reconocimiento
1;recibir
1;recibiendo
1;recaudar
1;rebajo
1;reales
1;reactiven
1;reacondicionamiento
1;re
1;rboles
1;rastreados
1;rapidez
1;quitar
1;quieran
1;quiebra
1;quica
1;quedar
1;quedado
1;quebradas
1;puro”
1;puestos
1;puertas
1;puente
1;pueden
1;psicolägico
1;ps
1;prästata
1;protegidas
1;protegerse
1;protagonista
1;propäsito
1;propugna
1;propuestas
1;propuesta
1;propios
1;propio
1;propietarios
1;propiedades
1;propicie
1;pronta
1;promuevan
1;promueva
1;promoviendo
1;promedio
1;producto
1;productiva
1;producen
1;procura
1;procedimiento
1;procederemos
1;proceder
1;problema
1;privados
1;priorizar
1;priorizaciän
1;principio
1;primeros
1;primarios
1;primac
1;preventiva
1;presupuesto
1;prestaciän
1;presentes
1;presentaciones
1;preparaciän
1;preeminencia
1;preceptos
1;practicar
1;pozos
1;potenciar
1;potencial
1;positivo
1;posicione
1;posible
1;popular
1;poes
1;pod
1;pobreza
1;pobladores
1;pluvial
1;pleno
1;plazo
1;plazas
1;plataformas
1;planten
1;planteados
1;planos
1;pl
1;pilares
1;persistentes
1;perros
1;perpetuidad
1;permitir
1;permitan
1;periädicas
1;peritoneo
1;perfil
1;percepciän
1;per
1;pedir
1;pavimento
1;patriäticos
1;patrimonio
1;patentes
1;pasos
1;pasan
1;particular
1;participe
1;participativo
1;participar
1;participa
1;parque
1;parceleros
1;papel
1;paneles
1;palabras
1;paguen
1;padrinos
1;oxidaciän
1;otra
1;oro
1;orientadores
1;orientada
1;organizacional
1;organismos
1;optimizar
1;oportunos
1;oportunidades
1;oportuna
1;opiniän
1;ofrezcan
1;ofrecer
1;oficinas
1;oferentes
1;ocupa
1;obras
1;objeto
1;núcleo
1;nuevamente
1;nuestra
1;nsito”
1;nsito
1;novelas
1;notas
1;nosotros
1;norte
1;normativa
1;niåas
1;nimos
1;nero
1;negras
1;negociaciän
1;necesitan
1;necesitadas
1;necesaria
1;nea
1;ndoselos
1;ndolos
1;ndicos
1;ndices
1;ndice
1;navideåa
1;naturalmente
1;naturales”
1;nativos
1;nativas
1;nativa
1;municipal”
1;mundiales
1;mulos
1;mucho
1;movilidad
1;motores
1;motocicletas
1;motive
1;motivar
1;motivaciän
1;moscas
1;morosidad
1;momento
1;modificaciones
1;modernizaciän
1;modalidad
1;mixtos
1;mixto
1;mitigar
1;mites
1;mite
1;misiän
1;minor
1;mini
1;minera
1;migrantes
1;migraciän
1;miden
1;micro
1;micos
1;mezcladoras
1;metro
1;meta
1;merece
1;mercurio
1;mental
1;mense
1;mejoras
1;medidores
1;mediciän
1;mediano
1;mecanismos
1;mayor”
1;mayor
1;mayas
1;matrimonio
1;masculino
1;mares
1;marco
1;maras
1;maquinaria
1;mapa
1;manufacturaciän
1;manuales
1;mantengan
1;mantenga
1;mantenerse
1;mantener
1;manos
1;manejo
1;manantiales
1;madres
1;macro
1;lora
1;lograremos
1;localizar
1;localicen
1;lleva
1;llegue
1;ll
1;liquidaciones
1;linda
1;limpios
1;limpiezas
1;limpieza
1;limpia”
1;liderazgo
1;liderar
1;licores
1;libertades
1;leyes
1;lectura
1;lastrado
1;lapso
1;lapas
1;lagunas
1;laboral
1;juventud
1;justo
1;jur
1;jerarcas
1;jefes
1;jefas
1;iremos
1;ira”
1;ir
1;inyecciän
1;involucradas
1;inventario
1;inundaciones
1;introducciän
1;intervenciones
1;intermediaciän
1;interdisciplinaria
1;interdependiente
1;intercambios
1;intercambio
1;inteligencia
1;integren
1;integrada
1;intachable
1;insumos
1;instrucciän
1;instituciän
1;institucionalidad
1;institucionales
1;instalarsen
1;inspectores
1;innovaciän
1;inmigraciän
1;inmediata
1;inicia
1;ingl
1;informes
1;infantiles
1;infancia
1;industria
1;individuo
1;indigentes
1;indigencia
1;independizasen
1;incorporen
1;incorporaciän
1;inclusivo
1;incentivar
1;incentivando
1;improvisaciän
1;importar
1;importantes
1;importante
1;implementos
1;implementarlos
1;imperio
1;ilegal
1;il
1;igual
1;idioma
1;idiom
1;identificamos
1;identidad
1;ideario
1;huracanes
1;hoy
1;hombres
1;histärico
1;herramientas
1;hermano
1;hemos
1;hechos
1;hayan
1;har
1;hambre
1;habite
1;habitante
1;habitan
1;habilitar
1;habilidades
1;ha
1;guiarnos
1;guarder
1;gratuita
1;granjas
1;grandeza
1;grandes
1;gran
1;gocemos
1;gobernarse
1;gobernanza
1;gimnasios
1;giles
1;gigantes
1;gias
1;geogr
1;gentes
1;geno”
1;geno
1;generando
1;generadores
1;generadoras
1;generaciones
1;gener
1;garantizarles
1;garantizar
1;garanticen
1;g
1;fútbol
1;futuras
1;fundamentos
1;fundamento
1;fundamental
1;fundamentado
1;funcionarios
1;funcionamiento
1;fuerte
1;fuentes
1;fuente
1;fronterizo
1;fragilidad
1;formular
1;formas
1;formamos
1;formalmente
1;formal
1;for
1;fomento
1;folcläricos
1;folclor
1;fines
1;fincas
1;filiales
1;fiel
1;ficos
1;festivales
1;festival
1;femenino
1;feliz
1;favorable
1;familiares
1;familiar
1;faciliten
1;facilitar
1;facilidades
1;extranjeros
1;extranjero
1;extinga
1;expropiaciän
1;exploraciän
1;existir
1;existentes
1;existencia
1;exclusivo
1;excelentes
1;excelente
1;exaltaciän
1;estudien
1;estudiantil
1;estudiantes
1;estimulen
1;estatales
1;estas
1;estados
1;establecimiento
1;establecido
1;establecer
1;esperar
1;espect
1;especializadas
1;especialidad
1;espaciales
1;esp
1;escuela
1;escrituras
1;escorrent
1;escolar
1;escapes”
1;esas
1;esa
1;erosiän
1;enviando
1;entregar
1;entes
1;enseå
1;enfrentar
1;enfoque
1;ende
1;encuentran
1;encontrar
1;empresariales
1;emprendimiento
1;emprendedurismo
1;emprendedores
1;empoderando
1;empiece
1;empezar
1;emergencias
1;emergencia
1;embates
1;embajadas
1;ello
1;ella
1;eliminar
1;elementos
1;elegir
1;electricidad
1;ejes
1;ejercitando
1;ejemplo
1;ejecutivo
1;ejecutiva
1;ejecuten
1;ejecutar
1;ejecutando
1;eficiente
1;eficiencia
1;efectuar
1;efectos
1;efectiva
1;educativo
1;educativas
1;educacional
1;edades
1;ecosistemas
1;econämico
1;econämicamente
1;ecolägicos
1;ecolägico
1;dälares
1;durante
1;dual
1;dotando
1;dotado
1;dos
1;doquier
1;donativos
1;dominen
1;documentaciän
1;divulgue
1;divisiän
1;distintos
1;distinguen
1;dispuesto
1;disposiciän
1;disponibilidad
1;disminuyan
1;discapacidad
1;dirigidas
1;dirigida
1;dirigen
1;directa
1;direcciän
1;direccionar
1;dir
1;dignos
1;digno
1;dignidad”
1;digital
1;diferente
1;difer
1;did
1;dico
1;devolvi
1;detrimento
1;detectar
1;destrucciän
1;destinen
1;desplazada
1;desparasitar
1;deslizamientos
1;desintoxicaciän
1;desgarrador
1;deserciän
1;deseo
1;desenvuelve
1;desencadenando
1;desempeåo
1;desembocando
1;desecho
1;descriptivos
1;descongestionar
1;descansa
1;desastre
1;desarrollarse
1;desaparecidas
1;deres
1;depositar
1;deportivo
1;deportivas
1;deportiva
1;deportistas
1;deporte
1;denota
1;den
1;dem
1;definitiva
1;definido
1;defiende
1;defendemos
1;deber
1;darle
1;cänyuges
1;cämodas
1;cämo
1;custodiar
1;cultura”
1;culturas
1;culos
1;cuerpo
1;cuentos
1;cuentas
1;cuenta
1;cuatro
1;cual
1;ctricos
1;ctrica
1;ctico
1;crimen
1;crecimientos
1;crear
1;cosechas
1;corporaciän
1;coordinada
1;cooperativas
1;convocatoria
1;convivencia
1;convirtiä
1;convicciones
1;convertir
1;convenio
1;controlar
1;contribuyente
1;contribuyendo
1;contribuyen
1;continuo
1;continuidad
1;contengan
1;contaminaciän
1;constitucional
1;consolidaciän
1;considerando
1;considera
1;consecuentes
1;conocimiento
1;conocer
1;conformado
1;confianza
1;conducen
1;conducciän
1;condiciän
1;concepciones
1;concentrarlos
1;concentrar
1;concejos
1;comunicaciän
1;comunes
1;computadoras
1;computaciän
1;compromiso
1;comprometo
1;comprometemos
1;compren
1;compran
1;compra
1;completamente
1;complementar
1;complacer
1;competitividad
1;competentes
1;compensaciän
1;compaå
1;compartidos
1;compartan
1;comodidades
1;comercializadora
1;comenzar
1;coloquen
1;colaborativa
1;cobertura
1;cnicos
1;cnico
1;clima
1;clim
1;cliente
1;clasificados
1;clases
1;civiles
1;ciudad
1;citos
1;ciencia
1;ciclo
1;cianuro
1;chompipas
1;chicos
1;certera
1;cerros
1;cerrar
1;cero
1;censurando
1;cena
1;celeridad
1;catastrados
1;catalizador
1;castraciän
1;casita
1;casi
1;cascos
1;casas
1;cas
1;cartän
1;carga
1;carezcan
1;carentes
1;captar
1;captaciän
1;capitales
1;capaz
1;caos
1;cantidad
1;cansancio
1;candidatura
1;canciones
1;canasta
1;canalizar
1;campo
1;campeonatos
1;campaåa
1;camiones
1;cambio
1;calles
1;calle
1;calificaciän
1;cabeceras
1;butano
1;buenos
1;brindarles
1;brindado
1;brecha
1;braille
1;boulevard
1;botadero
1;blandas
1;beneficios
1;beneficiadas
1;becas
1;basura”
1;bases
1;basados
1;basa
1;barrio
1;bandas
1;banda
1;balones
1;bajos
1;baja
1;bailes
1;baile
1;bailarines
1;bachillerato
1;aåaden
1;ayudas
1;ayudando
1;avance
1;autämaticamente
1;autosuficiencia
1;autos
1;autoridades
1;automäviles
1;audiovisual
1;audio
1;atraviesan
1;atracciän
1;atiendan
1;atender
1;atacaremos
1;aspiraciän
1;aspira
1;asistencia
1;asignaciän
1;asesor
1;asentar
1;asentamiento
1;asegurar
1;asadas
1;artistas
1;articule
1;articular
1;articulando
1;articulado
1;arraigo
1;armon
1;arborizaciän
1;aras
1;apuesta
1;aprendizaje
1;apoyar
1;apoy
1;aporten
1;aporte
1;aplicable
1;apertura
1;antiguos
1;anterior
1;ante
1;ans
1;ancho
1;analizar
1;amortiguamiento
1;amnist
1;amigas
1;amenazadas
1;ambientales
1;ambas
1;amarillo
1;amarilla
1;altos
1;alternativa
1;alternas
1;alta
1;alrededores
1;almacenamiento
1;alimentos
1;alimentaria
1;alimentaciän
1;algún
1;alguna
1;alejadas
1;alcoholismo
1;alcanzados
1;alcantarillado
1;alcance
1;alcalde
1;alcald
1;ajustar
1;aire
1;aguas
1;agua
1;agresores
1;agregar
1;agilizaciän
1;agente
1;agenda
1;afectada
1;afectaciän
1;adultas
1;aduana
1;adquiriä
1;adiestramiento
1;adecuaciän
1;adaptados
1;adaptada
1;adaptaciän
1;acueducto
1;actual”
1;actualizar
1;actualizados
1;actualidad
1;actual
1;activos
1;actividad
1;activamente
1;acorde
1;acontecen
1;acepta
1;acciän
1;accionar
1;accesible
1;acceder
1;abstencionismo
1;absoluto
1;absolutamente
1;abrir
1;abordaje
1;abierto”
1;abierto
1;abiertas”
1;abiertas
1;abastecimiento
1;abandono
1;Vincular
1;Velar
1;Valor
1;VOTO
1;VIVIENDAS
1;VENDER
1;VALOR
1;Unidad
1;Ubicar
1;UN
1;Tr
1;Tablillas
1;TABLA
1;T
1;Supervisar
1;Siembra
1;Sala
1;SUS
1;SOCIAL
1;SINAC
1;SEAN
1;Rotular
1;Retomar
1;Respetar
1;Respaldado
1;Residuos
1;Resaltan
1;Requisito
1;Rehabilitaciän
1;Regulador
1;Regiän
1;Recoger
1;Realizar
1;Reactivar
1;Razän
1;RICA
1;REPUBLICA
1;REMODELAR
1;Quienes
1;Quesada
1;QUE
1;Pública
1;Proveer
1;Promoviendo
1;Programaciän
1;Programa
1;Profesional
1;Producir
1;Priorizar
1;Posicionar
1;Planificaciän
1;Pensionados
1;Pedir
1;Parques
1;Para
1;Paliativos
1;PSA
1;POR
1;PARA
1;PANI
1;Ofrecer
1;Nuestro
1;Nuestra
1;Norte
1;No
1;Nicaragua
1;Navideåo”
1;Natural
1;Municipales
1;Mujer
1;Motivar
1;Modernizaciän
1;Migraciän
1;Mejorar
1;Mejoramiento
1;Mega
1;Marcador
1;Mapeo
1;Magia
1;MSP
1;MESES
1;MEJORAR
1;MAG
1;M
1;Los
1;Local
1;LOCALES
1;LA
1;Justicia
1;Junto
1;Interinstitucionales
1;Integrar
1;Integral
1;Institucionalizar
1;Institucional
1;Incrementar
1;Incentivar
1;ITC
1;INFRAESTRUCTURAS
1;INDER
1;Huetar
1;Historia
1;Habitantes
1;HUMANISMO
1;Fortuna
1;Formaciän
1;Fomentos
1;Fomentar
1;Ferias
1;Facilitaciän
1;FODESAF
1;Exonerar
1;Europa
1;Estas
1;Esos
1;Escalar
1;Esa
1;Equipar
1;Entonces
1;Electränico”
1;Ejemplo
1;Ejecutar
1;Educadores
1;Eco
1;EMPRENDEDOR
1;EL
1;Donde
1;Donar
1;Disminuir
1;Dignificar
1;Dicho
1;Dichas
1;Desarrollos
1;Derecho
1;Democracia
1;Democr
1;Defensora
1;Declarar
1;De
1;Dar
1;DESEA
1;DESASTRE”
1;Cultural
1;Cuidados
1;Coordinar
1;Coopelesca
1;Convertir
1;Construcciän
1;Consejos
1;Concretar
1;Concejo
1;Común
1;Comunales
1;Como
1;Civil
1;Ciudadanos
1;Ciudad
1;Chiles
1;Chaves
1;Centro
1;Centers
1;Casa
1;Cantonales
1;Campaåas
1;Calls
1;CRISTIANO
1;COSTOS
1;COSTA
1;CONTENIDOS
1;COMERCIO
1;COMERCIALES
1;CNP
1;CINDE
1;CINAE
1;CEN
1;CCSS
1;Botija
1;Bien
1;BODEGAS
1;BENEFICIOS
1;Aumentar
1;Atraer
1;Asociaciän
1;Asociaciones
1;Asimismo
1;Apoyar
1;Apoyando
1;Aplicar
1;Antropolog
1;Ampliaciän
1;All
1;Alemania
1;Al
1;Agregado
1;Agencia
1;Adquisiciän
1;Acciones
1;AGREGADO
1;ABRIR
1;7
1;3742
1;34801
1;28
1;23
1;2016
1;2006
1;20
1;18
1;16
1;15
1;14
1;11
